{
  "project_info": {
    "project_number": "425545297003",
    "project_id": "economie-2804d",
    "storage_bucket": "economie-2804d.firebasestorage.app"
  },
  "client": [
    {
      "client_info": {
        "mobilesdk_app_id": "1:425545297003:android:e3b6a77a4056f2122d152e",
        "android_client_info": {
          "package_name": "com.example.eco"
        }
      },
      "oauth_client": [],
      "api_key": [
        {
          "current_key": "AIzaSyAe_YAn3s9Z_bl1QW93pe-Y0NSVtcpSFFQ"
        }
      ],
      "services": {
        "appinvite_service": {
          "other_platform_oauth_client": []
        }
      }
    }
  ],
  "configuration_version": "1"
}

